task,n,processes,threads,total_workers,Average of total,Average of search,Average of communication,Average of post,Speedup,Serial Fraction,Parallel Fraction,Theoretical Speedup,,,,,,,,,,,,,
serial,5000000,1,1,1,3.908,3.908,0.000,0.000,1.000,,,,,,,,,,,,,,,,
serial,6000000,1,1,1,4.976,4.976,0.000,0.000,1.000,,,,,,,,,,,,,,,,
serial,7000000,1,1,1,6.170,6.170,0.000,0.000,1.000,,,,,,,,,,,,,,,,
serial,8000000,1,1,1,7.376,7.376,0.000,0.000,1.000,,,,,,,,,,,,,,,,
serial,9000000,1,1,1,8.735,8.735,0.000,0.000,1.000,,,,,,,,,,,,,,,,
serial,10000000,1,1,1,10.065,10.065,0.000,0.000,1.000,,,,,,,,,,,,,,,,
serial,11000000,1,1,1,11.651,11.651,0.000,0.000,1.000,,,,,,,,,,,,,,,,
serial,12000000,1,1,1,13.362,13.362,0.000,0.000,1.000,,,,,,,,,,,,,,,,
serial,13000000,1,1,1,14.584,14.584,0.000,0.000,1.000,,,,,,,,,,,,,,,,
serial,14000000,1,1,1,16.169,16.169,0.000,0.000,1.000,,,,,,,,,,,,,,,,
serial,15000000,1,1,1,17.791,17.791,0.000,0.000,1.000,,,,,,,,,,,,,,,,
serial,16000000,1,1,1,19.520,19.520,0.000,0.000,1.000,,,,,,,,,,,,,,,,
serial,17000000,1,1,1,21.275,21.275,0.000,0.000,1.000,,,,,,,,,,,,,,,,
serial,18000000,1,1,1,23.007,23.007,0.000,0.000,1.000,,,,,,,,,,,,,,,,
serial,19000000,1,1,1,24.817,24.817,0.000,0.000,1.000,,,,,,,,,,,,,,,,
serial,20000000,1,1,1,26.673,26.673,0.000,0.000,1.000,,,,,,,,,,,,,,,,
serial,21000000,1,1,1,28.556,28.556,0.000,0.000,1.000,,,,,,,,,,,,,,,,
serial,22000000,1,1,1,30.740,30.740,0.000,0.000,1.000,,,,,,,,,,,,,,,,
serial,23000000,1,1,1,32.621,32.621,0.000,0.000,1.000,,,,,,,,,,,,,,,,
serial,24000000,1,1,1,34.807,34.807,0.000,0.000,1.000,,,,,,,,,,,,,,,,
serial,25000000,1,1,1,36.496,36.496,0.000,0.000,1.000,,,,,,,,,,,,,,,,
serial,26000000,1,1,1,38.579,38.579,0.000,0.000,1.000,,,,,,,,,,,,,,,,
serial,27000000,1,1,1,40.698,40.698,0.000,0.000,1.000,,,,,,,,,,,,,,,,
serial,28000000,1,1,1,42.808,42.808,0.000,0.000,1.000,,,,,,,,,,,,,,,,
serial,29000000,1,1,1,45.028,45.028,0.000,0.000,1.000,,,,,,,,,,,,,,,,
serial,30000000,1,1,1,47.210,47.210,0.000,0.000,1.000,,,,,,,,,,,,,,,,
serial,32000000,1,1,1,51.724,51.724,0.000,0.000,1.000,,,,,,,,,,,,,,,,
serial,35000000,1,1,1,58.663,58.663,0.000,0.000,1.000,,,,,,,,,,,,,,,,
serial,40000000,1,1,1,70.894,70.894,0.000,0.000,1.000,,,,,,,,,,,,,,,,
serial,45000000,1,1,1,83.751,83.751,0.000,0.000,1.000,,,,,,,,,,,,,,,,
serial,50000000,1,1,1,65.814,65.814,0.000,0.000,1.000,,,,,,,,,,,,,,,,
task1,5000000,1,1,1,2.462,2.330,0.001,0.131,1.587,0.054,0.946,1.000,,,,,,,,,,,,,
task1,5000000,2,1,2,1.335,1.223,0.001,0.111,2.927,0.054,0.946,1.898,,,,,,,,,,,,,
task1,5000000,4,1,4,0.843,0.711,0.025,0.131,4.638,0.054,0.946,3.447,,,,,,,,,,,,,
task1,5000000,8,1,8,0.560,0.392,0.021,0.168,6.973,0.054,0.946,5.820,,,,,,,,,,,,,
task1,5000000,16,1,16,0.624,0.251,0.024,0.370,6.266,0.054,0.946,8.877,,,,,,,,,,,,,
task1,10000000,1,1,1,6.313,6.094,0.001,0.218,1.594,0.035,0.965,1.000,,,,,,,,,,,,,
task1,10000000,2,1,2,3.505,3.277,0.002,0.228,2.871,0.035,0.965,1.933,,,,,,,,,,,,,
task1,10000000,4,1,4,2.092,1.831,0.054,0.259,4.812,0.035,0.965,3.623,,,MPI Processes,Empirical Speedup,Theoretical Speedup,,MPI Processes,Empirical Speedup,Theoretical Speedup,,,,
task1,10000000,8,1,8,1.337,1.018,0.049,0.317,7.528,0.035,0.965,6.436,,,1,1.060,1.000,,1,1.594,1.000,,,,
task1,10000000,16,1,16,1.362,0.688,0.038,0.673,7.391,0.035,0.965,10.522,,,2,1.943,1.965,,2,2.871,1.933,,,,
task1,20000000,1,1,1,16.755,16.323,0.002,0.429,1.592,0.026,0.974,1.000,,,4,3.513,3.797,,4,4.812,3.623,,,,
task1,20000000,2,1,2,9.214,8.795,0.002,0.418,2.895,0.026,0.974,1.950,,,8,5.992,7.113,,8,7.528,6.436,,,,
task1,20000000,4,1,4,5.401,4.883,0.151,0.515,4.938,0.026,0.974,3.713,,,16,6.962,12.627,,16,7.391,10.522,,,,
task1,20000000,8,1,8,3.159,2.571,0.123,0.587,8.442,0.026,0.974,6.779,,,,,,,,,,,,,
task1,20000000,16,1,16,3.402,1.994,0.135,1.405,7.841,0.026,0.974,11.543,,,,,,,,,,,,,
task1,30000000,1,1,1,29.837,29.195,0.002,0.640,1.582,0.022,0.978,1.000,,,,,,,,,,,,,
task1,30000000,2,1,2,16.216,15.588,0.003,0.628,2.911,0.022,0.978,1.958,,,,,,,,,,,,,
task1,30000000,4,1,4,9.338,8.643,0.301,0.691,5.056,0.022,0.978,3.757,,,,,,,,,,,,,
task1,30000000,8,1,8,5.614,4.667,0.223,0.944,8.410,0.022,0.978,6.953,,,,,,,,,,,,,
task1,30000000,16,1,16,5.307,3.417,0.204,1.886,8.896,0.022,0.978,12.096,,,,,,,,,,,,,
task1,50000000,1,1,1,62.071,60.966,0.004,1.102,1.060,0.018,0.982,1.000,,,,,,,,,,,,,
task1,50000000,2,1,2,33.880,32.818,0.005,1.058,1.943,0.018,0.982,1.965,,,,,,,,,,,,,
task1,50000000,4,1,4,18.733,17.565,0.552,1.163,3.513,0.018,0.982,3.797,,,,,,,,,,,,,
task1,50000000,8,1,8,10.984,9.488,0.465,1.492,5.992,0.018,0.982,7.113,,,,,,,,,,,,,
task1,50000000,16,1,16,9.454,6.847,0.398,2.600,6.962,0.018,0.982,12.627,,,,,,,,,,,,,
task2,5000000,1,1,1,2.370,2.253,0.000,0.115,1.649,0.054,0.946,1.000,,,,,,,,,,,,,
task2,5000000,1,2,2,1.354,1.231,0.001,0.121,2.885,0.054,0.946,1.898,,,,,,,,,,,,,
task2,5000000,1,4,4,0.779,0.662,0.001,0.114,5.018,0.054,0.946,3.447,,,,,,,,,,,,,
task2,5000000,1,8,8,0.527,0.377,0.001,0.146,7.417,0.054,0.946,5.820,,,,,,,,,,,,,
task2,5000000,1,16,16,0.376,0.243,0.001,0.126,10.401,0.054,0.946,8.877,,,,,,,,,,,,,
task2,5000000,2,1,2,1.308,1.198,0.001,0.109,2.988,0.054,0.946,1.898,,,,,,,,,,,,,
task2,5000000,2,2,4,0.773,0.659,0.004,0.110,5.055,0.054,0.946,3.447,,,,,,,,,,,,,
task2,5000000,2,4,8,0.479,0.361,0.002,0.116,8.167,0.054,0.946,5.820,,,,,,,,,,,,,
task2,5000000,2,8,16,0.383,0.253,0.005,0.124,10.204,0.054,0.946,8.877,,,,,,,,,,,,,
task2,5000000,4,1,4,0.799,0.668,0.025,0.129,4.893,0.054,0.946,3.447,,,,,,,,,,,,,
task2,5000000,4,2,8,0.518,0.381,0.007,0.134,7.538,0.054,0.946,5.820,,,,,,,,,,,,,
task2,5000000,4,4,16,0.386,0.245,0.008,0.137,10.125,0.054,0.946,8.877,,,,,,,,,,,,,
task2,5000000,8,1,8,0.525,0.363,0.019,0.161,7.446,0.054,0.946,5.820,,,,,,,,,,,,,
task2,5000000,8,2,16,0.478,0.261,0.025,0.214,8.178,0.054,0.946,8.877,,,,,,,,,,,,,
task2,5000000,16,1,16,0.623,0.267,0.042,0.353,6.273,0.054,0.946,8.877,,,,,,,,,,,,,
task2,10000000,1,1,1,6.211,5.981,0.002,0.227,1.621,0.035,0.965,1.000,,,,,,,,,,,,,
task2,10000000,1,2,2,3.422,3.194,0.001,0.225,2.942,0.035,0.965,1.933,,,,,,,,,,,,,
task2,10000000,1,4,4,1.983,1.763,0.001,0.217,5.075,0.035,0.965,3.623,,,,,,,,,,,,,
task2,10000000,1,8,8,1.178,0.951,0.001,0.222,8.545,0.035,0.965,6.436,,,,,,,,,,,,,
task2,10000000,1,16,16,0.911,0.675,0.002,0.224,11.054,0.035,0.965,10.522,,,,,,,,,,,,,
task2,10000000,2,1,2,3.425,3.217,0.002,0.207,2.939,0.035,0.965,1.933,,,,,,,,,,,,,
task2,10000000,2,2,4,1.975,1.752,0.003,0.219,5.097,0.035,0.965,3.623,,,,,,,,,,,,,
task2,10000000,2,4,8,1.165,0.954,0.004,0.206,8.642,0.035,0.965,6.436,,,,,,,,,,,,,
task2,10000000,2,8,16,0.873,0.650,0.006,0.215,11.525,0.035,0.965,10.522,,,,,,,,,,,,,
task2,10000000,4,1,4,2.006,1.758,0.056,0.246,5.019,0.035,0.965,3.623,,,,,,,,,,,,,
task2,10000000,4,2,8,1.213,0.967,0.018,0.244,8.296,0.035,0.965,6.436,,,,,,,,,,,,,
task2,10000000,4,4,16,0.946,0.685,0.010,0.258,10.643,0.035,0.965,10.522,,,,,,,,,,,,,
task2,10000000,8,1,8,1.298,0.983,0.050,0.313,7.756,0.035,0.965,6.436,,,,,,,,,,,,,
task2,10000000,8,2,16,1.033,0.672,0.025,0.358,9.745,0.035,0.965,10.522,,,,,,,,,,,,,
task2,10000000,16,1,16,1.300,0.684,0.044,0.612,7.741,0.035,0.965,10.522,,,,,,,,,,,,,
task2,20000000,1,1,1,16.689,16.256,0.002,0.430,1.598,0.026,0.974,1.000,,,,,,,,,,,,,
task2,20000000,1,2,2,9.052,8.622,0.002,0.426,2.947,0.026,0.974,1.950,,,,,,,,,,,,,
task2,20000000,1,4,4,5.225,4.781,0.002,0.438,5.105,0.026,0.974,3.713,,,,,,,,,,,,,
task2,20000000,1,8,8,3.038,2.601,0.002,0.429,8.781,0.026,0.974,6.779,,,,,,,,,,,,,
task2,20000000,1,16,16,2.434,1.950,0.002,0.475,10.958,0.026,0.974,11.543,,,,,,,,,,,,,
task2,20000000,2,1,2,9.166,8.738,0.002,0.426,2.910,0.026,0.974,1.950,,,,,,,,,,,,,
task2,20000000,2,2,4,5.199,4.769,0.007,0.423,5.130,0.026,0.974,3.713,,,,,,,,,,,,,
task2,20000000,2,4,8,2.982,2.554,0.005,0.424,8.943,0.026,0.974,6.779,,,,,,,,,,,,,
task2,20000000,2,8,16,2.234,1.797,0.010,0.431,11.939,0.026,0.974,11.543,,,,,,,,,,,,,
task2,20000000,4,1,4,5.256,4.765,0.154,0.487,5.074,0.026,0.974,3.713,,,,,,,,,,,,,
task2,20000000,4,2,8,3.100,2.608,0.046,0.488,8.603,0.026,0.974,6.779,,Configuration,Empirical Speedup,Theoretical Speedup,,,,,,,,,
task2,20000000,4,4,16,2.285,1.757,0.020,0.522,11.674,0.026,0.974,11.543,,1x1,1.026,1.000,,,,,,,,,
task2,20000000,8,1,8,3.375,2.667,0.131,0.705,7.903,0.026,0.974,6.779,,1x2,1.803,1.965,,,,,,,,,
task2,20000000,8,2,16,2.408,1.773,0.030,0.631,11.078,0.026,0.974,11.543,,1x4,3.605,3.797,,,,,,,,,
task2,20000000,16,1,16,3.314,1.840,0.145,1.469,8.049,0.026,0.974,11.543,,1x8,6.243,7.113,,,,,,,,,
task2,30000000,1,1,1,32.033,31.282,0.003,0.744,1.474,0.022,0.978,1.000,,1x16,8.486,12.627,,,,,,,,,
task2,30000000,1,2,2,16.724,16.006,0.002,0.712,2.823,0.022,0.978,1.958,,2x1,2.021,1.965,,,,,,,,,
task2,30000000,1,4,4,9.579,8.892,0.003,0.681,4.928,0.022,0.978,3.757,,2x2,3.623,3.797,,,,,,,,,
task2,30000000,1,8,8,5.198,4.518,0.003,0.672,9.082,0.022,0.978,6.953,,2x4,5.963,7.113,,,,,,,,,
task2,30000000,1,16,16,3.967,3.294,0.003,0.662,11.900,0.022,0.978,12.096,,2x8,7.787,12.627,,,,,,,,,
task2,30000000,2,1,2,16.832,16.165,0.003,0.663,2.805,0.022,0.978,1.958,,4x1,2.858,3.797,,,,,,,,,
task2,30000000,2,2,4,8.966,8.329,0.005,0.631,5.265,0.022,0.978,3.757,,4x2,4.826,7.113,,,,,,,,,
task2,30000000,2,4,8,5.133,4.513,0.005,0.614,9.198,0.022,0.978,6.953,,4x4,6.233,12.627,,,,,,,,,
task2,30000000,2,8,16,3.798,3.124,0.005,0.666,12.430,0.022,0.978,12.096,,8x1,4.481,7.113,,,,,,,,,
task2,30000000,4,1,4,9.074,8.328,0.267,0.741,5.203,0.022,0.978,3.757,,8x2,6.073,12.627,,,,,,,,,
task2,30000000,4,2,8,5.283,4.517,0.064,0.761,8.937,0.022,0.978,6.953,,16x1,5.085,12.627,,,,,,,,,
task2,30000000,4,4,16,3.835,3.071,0.030,0.759,12.311,0.022,0.978,12.096,,,,,,,,,,,,,
task2,30000000,8,1,8,5.527,4.590,0.210,0.934,8.542,0.022,0.978,6.953,,Configuration,Empirical Speedup,Theoretical Speedup,,,,,,,,,
task2,30000000,8,2,16,4.139,3.199,0.075,0.937,11.406,0.022,0.978,12.096,,1x1,1.621,1.000,,,,,,,,,
task2,30000000,16,1,16,5.045,3.469,0.201,1.572,9.357,0.022,0.978,12.096,,1x2,2.942,1.933,,,,,,,,,
task2,50000000,1,1,1,64.161,62.962,0.004,1.191,1.026,0.018,0.982,1.000,,1x4,5.075,3.623,,,,,,,,,
task2,50000000,1,2,2,36.496,35.296,0.004,1.191,1.803,0.018,0.982,1.965,,1x8,8.545,6.436,,,,,,,,,
task2,50000000,1,4,4,18.255,17.170,0.005,1.075,3.605,0.018,0.982,3.797,,1x16,11.054,10.522,,,,,,,,,
task2,50000000,1,8,8,10.541,9.455,0.004,1.076,6.243,0.018,0.982,7.113,,2x1,2.939,1.933,,,,,,,,,
task2,50000000,1,16,16,7.755,6.604,0.004,1.138,8.486,0.018,0.982,12.627,,2x2,5.097,3.623,,,,,,,,,
task2,50000000,2,1,2,32.565,31.538,0.004,1.021,2.021,0.018,0.982,1.965,,2x4,8.642,6.436,,,,,,,,,
task2,50000000,2,2,4,18.165,17.124,0.007,1.030,3.623,0.018,0.982,3.797,,2x8,11.525,10.522,,,,,,,,,
task2,50000000,2,4,8,11.038,9.821,0.006,1.207,5.963,0.018,0.982,7.113,,4x1,5.019,3.623,,,,,,,,,
task2,50000000,2,8,16,8.451,7.156,0.005,1.284,7.787,0.018,0.982,12.627,,4x2,8.296,6.436,,,,,,,,,
task2,50000000,4,1,4,23.030,21.675,0.775,1.347,2.858,0.018,0.982,3.797,,4x4,10.643,10.522,,,,,,,,,
task2,50000000,4,2,8,13.638,12.160,0.188,1.470,4.826,0.018,0.982,7.113,,8x1,7.756,6.436,,,,,,,,,
task2,50000000,4,4,16,10.559,8.957,0.036,1.592,6.233,0.018,0.982,12.627,,8x2,9.745,10.522,,,,,,,,,
task2,50000000,8,1,8,14.688,12.665,0.612,2.015,4.481,0.018,0.982,7.113,,16x1,7.741,10.522,,,,,,,,,
task2,50000000,8,2,16,10.838,8.828,0.209,2.002,6.073,0.018,0.982,12.627,,,,,,,,,,,,,
task2,50000000,16,1,16,12.943,9.454,0.519,3.478,5.085,0.018,0.982,12.627,,,,,,,,,,,,,